sentiment,text,user
"neutral","RT @byLilyV: #FEATURED #COURSES\n\n#Machine #Learning A-Z‚Ñ¢: Hands-On #Python &amp; #R In #Data #Science\n\nLearn to create Machine Learning Algorit‚Ä¶","Women_who_code"
"neutral","RT @byLilyV: #FEATURED #COURSES\n\n#Machine #Learning A-Z‚Ñ¢: Hands-On #Python &amp; #R In #Data #Science\n\nLearn to create Machine Learning Algorit‚Ä¶","xaelbot"
"neutral","RT @byLilyV: #FEATURED #COURSES\n\n#Machine #Learning A-Z‚Ñ¢: Hands-On #Python &amp; #R In #Data #Science\n\nLearn to create Machine Learning Algorit‚Ä¶","epuujee"
"neutral","#FEATURED #COURSES\n\n#Machine #Learning A-Z‚Ñ¢: Hands-On #Python &amp; #R In #Data #Science\n\nLearn to create Machine Learn‚Ä¶ https://t.co/goh6nADb8C","byLilyV"
"positive","RT @SuriyaSubraman: Top 5 Data Science Certifications: Data science is becoming more crucial as we dive deeper into the world of AI and tec‚Ä¶","epuujee"
"neutral","RT @SuriyaSubraman: National Big Data Health Science Conference | Friday, February 5: Event Detail. Member Events. February 5 - February 6.‚Ä¶","epuujee"
"negative","RT @nelth_fr: @ravinwashere Okay now explain the difference between machine learning and data science?!\n\nOh yeah and artificial intelligenc‚Ä¶","epuujee"
"neutral","RT @Jer1dah: Don't sleep on Udemy. There are financial modeling and data science courses for R200.\n\nIf you want to study a course on Udemy‚Ä¶","Siba_Mtshi"
"positive","Top 5 Data Science Certifications: Data science is becoming more crucial as we dive deeper into the world of AI and‚Ä¶ https://t.co/pYyfymVSnm","SuriyaSubraman"
"neutral","National Big Data Health Science Conference | Friday, February 5: Event Detail. Member Events. February 5 - Februar‚Ä¶ https://t.co/JL4cqbpZwX","SuriyaSubraman"
"neutral","Analyst, Data Science &amp;¬†Capabilities https://t.co/wsvb02OijF","hire_pay"
"negative","RT @nelth_fr: @ravinwashere Okay now explain the difference between machine learning and data science?!\n\nOh yeah and artificial intelligenc‚Ä¶","Artificialbra1n"
"neutral","RT @Jer1dah: Don't sleep on Udemy. There are financial modeling and data science courses for R200.\n\nIf you want to study a course on Udemy‚Ä¶","Livinia_"
"neutral","RT @Eli_Krumova: How to Evaluate a #DataScience Project\nhttps://t.co/KJ2L71zTTb\n\n#ArtificialIntelligence #AI #ML #MachineLearning #DataAnal‚Ä¶","BotFemale"
"neutral","RT @Jer1dah: Don't sleep on Udemy. There are financial modeling and data science courses for R200.\n\nIf you want to study a course on Udemy‚Ä¶","An0tHeR_VaNdAl"
"neutral","RT @Jer1dah: Don't sleep on Udemy. There are financial modeling and data science courses for R200.\n\nIf you want to study a course on Udemy‚Ä¶","LungileGodwana"
"neutral","RT @Eli_Krumova: How to Evaluate a #DataScience Project\nhttps://t.co/KJ2L71zTTb\n\n#ArtificialIntelligence #AI #ML #MachineLearning #DataAnal‚Ä¶","friday_Js_bot"
"neutral","RT @Eli_Krumova: How to Evaluate a #DataScience Project\nhttps://t.co/KJ2L71zTTb\n\n#ArtificialIntelligence #AI #ML #MachineLearning #DataAnal‚Ä¶","abhibisht89"
"neutral","RT @Jer1dah: Don't sleep on Udemy. There are financial modeling and data science courses for R200.\n\nIf you want to study a course on Udemy‚Ä¶","_ReneilweRiRi"
"negative","RT @BBCWorld: Satellite data shows 2016 and 2020 in a dead heat for world's warmest year https://t.co/n7mQ3KA70J","Green_Wireless"
"neutral","RT @Jer1dah: Don't sleep on Udemy. There are financial modeling and data science courses for R200.\n\nIf you want to study a course on Udemy‚Ä¶","DehLyia"
"negative","RT @BBCWorld: Satellite data shows 2016 and 2020 in a dead heat for world's warmest year https://t.co/n7mQ3KA70J","raynardzxc"
"neutral","RT @Eli_Krumova: How to Evaluate a #DataScience Project\nhttps://t.co/KJ2L71zTTb\n\n#ArtificialIntelligence #AI #ML #MachineLearning #DataAnal‚Ä¶","NVSData"
"neutral","RT @Eli_Krumova: How to Evaluate a #DataScience Project\nhttps://t.co/KJ2L71zTTb\n\n#ArtificialIntelligence #AI #ML #MachineLearning #DataAnal‚Ä¶","LeetcodeB"
"positive","RT @Ronald_vanLoon: The Union Between #DataScience and Software Development\nby @Ronald_vanLoon |\n\nRead more: https://t.co/AgoaOWEh2T\n\n#Simp‚Ä¶","tubbyjpin"
"positive","RT @HarbRimah: Top 5 Data Science Certifications https://t.co/0RkG1yt53h \n\n#Python #MachineLearning #AI #100DaysOfCode #DEVCommunity #IoT #‚Ä¶","TheSecretJunio1"
"neutral","RT @Jer1dah: Don't sleep on Udemy. There are financial modeling and data science courses for R200.\n\nIf you want to study a course on Udemy‚Ä¶","puddlejumper121"
"neutral","RT @Hydrogen_LS: How data science is driving genomics in the #pharmaceutical industry - https://t.co/1VWUhqmBiA","epuujee"
"negative","RT @PandhareSidhesh: Exploit the Economics of Artificial Intelligence with Design Thinking and Data Science #ArtificialIntelligence #design‚Ä¶","epuujee"
"positive","In the world of STEM, 2018 BS in Computer Science in Real-Time Interactive Simulation graduate Yeo De Xin is a mino‚Ä¶ https://t.co/5Azzps5ioY","DigiPenBilbao"
"neutral","How data science is driving genomics in the #pharmaceutical industry - https://t.co/1VWUhqmBiA","Hydrogen_LS"
"negative","RT @PandhareSidhesh: Exploit the Economics of Artificial Intelligence with Design Thinking and Data Science #ArtificialIntelligence #design‚Ä¶","Artificialbra1n"
"neutral","RT @Rwaq: \"ÿßÿ≥ÿ™ÿ∑Ÿäÿπ ÿßŸÑŸÇŸàŸÑ Ÿàÿ®ŸÉŸÑ ÿ´ŸÇÿ© ÿ£ŸÜŸÜŸä ÿ£ŸÖÿ™ŸÑŸÉ ÿßŸÑÿ¢ŸÜ ŸÖŸáÿßÿ±ÿ© ÿßŸÑÿπŸÖŸÑ ÿπŸÑŸâ ÿßŸÑŸÖÿ¥ÿßÿ±Ÿäÿπ ÿßŸÑÿ≠ŸÇŸäŸÇŸäÿ© ŸÅŸä ÿπŸÑŸÖ ÿßŸÑÿ®ŸäÿßŸÜÿßÿ™ Ÿàÿ™ÿ∑ŸàŸäÿ±Ÿáÿß\" \n- ÿÆŸÑŸÅŸÜÿß ÿßŸÑŸÉŸÜÿØŸäÿå ÿÆÿ±Ÿäÿ¨ ŸÖÿπÿ≥ŸÉÿ± ÿπŸÑ‚Ä¶","HM2015s"
"positive","RT @leipzig_heart: Happy New Year! We begin #2021 with the news on our publication on \"long-term observation on excess #death associated wi‚Ä¶","epuujee"
"neutral","RT @WSjp_insight: https://t.co/RsUrE6Q7qn\n39 AugmentedReality,AR telemedicine,telehealth broadband agriculture\n38 COVID19,coronavirus soap‚Ä¶","epuujee"
"positive","Happy New Year! We begin #2021 with the news on our publication on \"long-term observation on excess #death associat‚Ä¶ https://t.co/PEzfQC44gy","leipzig_heart"
"positive","RT @GOLDLab_Bern: Looking for a full funded (and trained) PhD scholarship in Bionformatics and Genomics Data Science? There's still time to‚Ä¶","tr3quart1sta"
"neutral","RT @WSjp_insight: https://t.co/RsUrE6Q7qn\n39 AugmentedReality,AR telemedicine,telehealth broadband agriculture\n38 COVID19,coronavirus soap‚Ä¶","WSlightly"
"positive","RT @popo_Badman: I was reading an article and figured out that new age Data scientists are ignoring knowledge in SQL and its really shockin‚Ä¶","deyennie"
"neutral","RT @dhovekamp42: BioNTech Publishes Data on Novel #mRNA Vaccine Approach to Treat #Autoimmune Diseases in Science https://t.co/kUK1HpWgwQ $‚Ä¶","epuujee"
"neutral","RT @dhovekamp42: BioNTech Publishes Data on Novel #mRNA Vaccine Approach to Treat #Autoimmune Diseases in Science https://t.co/kUK1HpWgwQ $‚Ä¶","BogdanMaverick"
"neutral","RT @Eli_Krumova: How to Evaluate a #DataScience Project\nhttps://t.co/KJ2L71zTTb\n\n#ArtificialIntelligence #AI #ML #MachineLearning #DataAnal‚Ä¶","Women_who_code"
"neutral","RT @Eli_Krumova: How to Evaluate a #DataScience Project\nhttps://t.co/KJ2L71zTTb\n\n#ArtificialIntelligence #AI #ML #MachineLearning #DataAnal‚Ä¶","xaelbot"
"neutral","RT @Eli_Krumova: How to Evaluate a #DataScience Project\nhttps://t.co/KJ2L71zTTb\n\n#ArtificialIntelligence #AI #ML #MachineLearning #DataAnal‚Ä¶","30xcodes"
"positive","RT @Nod2O: #COVID19 #SchulenUndKitasZu #Science \n\n‚ÄûWe found a large effect for closing schools and universities in conjunction, which was r‚Ä¶","AnjaDessauvagie"
"neutral","RT @Eli_Krumova: How to Evaluate a #DataScience Project\nhttps://t.co/KJ2L71zTTb\n\n#ArtificialIntelligence #AI #ML #MachineLearning #DataAnal‚Ä¶","seerberos"
"negative","RT @BBCWorld: Satellite data shows 2016 and 2020 in a dead heat for world's warmest year https://t.co/n7mQ3KA70J","RobofixerD"
"neutral","RT @Eli_Krumova: How to Evaluate a #DataScience Project\nhttps://t.co/KJ2L71zTTb\n\n#ArtificialIntelligence #AI #ML #MachineLearning #DataAnal‚Ä¶","epuujee"
"neutral","RT @Eli_Krumova: How to Evaluate a #DataScience Project\nhttps://t.co/KJ2L71zTTb\n\n#ArtificialIntelligence #AI #ML #MachineLearning #DataAnal‚Ä¶","WomenCodersBot"
"neutral","RT @Eli_Krumova: How to Evaluate a #DataScience Project\nhttps://t.co/KJ2L71zTTb\n\n#ArtificialIntelligence #AI #ML #MachineLearning #DataAnal‚Ä¶","femtech_"
"neutral","RT @Eli_Krumova: How to Evaluate a #DataScience Project\nhttps://t.co/KJ2L71zTTb\n\n#ArtificialIntelligence #AI #ML #MachineLearning #DataAnal‚Ä¶","ServerlessFan"
"neutral","How to Evaluate a #DataScience Project\nhttps://t.co/KJ2L71zTTb\n\n#ArtificialIntelligence #AI #ML #MachineLearning‚Ä¶ https://t.co/miqKlhigIn","Eli_Krumova"
"positive","RT @machinelearnflx: How to Acquire the Most Wanted Data Science Skills https://t.co/iMMZ16wJEL  #DataScience","epuujee"
"positive","RT @Enkkkkkkk7: timely takeaway from today's microbio seminar: the science of vaccine development and distribution is much simpler than its‚Ä¶","epuujee"
"positive","timely takeaway from today's microbio seminar: the science of vaccine development and distribution is much simpler‚Ä¶ https://t.co/bHxebEXUjB","Enkkkkkkk7"
"neutral","RT @Jer1dah: Don't sleep on Udemy. There are financial modeling and data science courses for R200.\n\nIf you want to study a course on Udemy‚Ä¶","ericsibanyoni"
"positive","RT @HarbRimah: Top 5 Data Science Certifications https://t.co/0RkG1yt53h \n\n#Python #MachineLearning #AI #100DaysOfCode #DEVCommunity #IoT #‚Ä¶","NerdGirlXena"
"neutral","RT @Jer1dah: Don't sleep on Udemy. There are financial modeling and data science courses for R200.\n\nIf you want to study a course on Udemy‚Ä¶","dukesy19x"
"neutral","RT @PrograminLovers: ŸÖÿß ÿßŸÑŸÅÿ±ŸÇ ÿ®ŸäŸÜ ÿ™ÿ≠ŸÑŸäŸÑ ÿßŸÑÿ®ŸäÿßŸÜÿßÿ™ Data Analysisÿü\nŸàÿπŸÑŸÖ ÿßŸÑÿ®ŸäÿßŸÜÿßÿ™ Data Scienceÿü\nŸÖÿß ÿßŸÑŸÖÿ™ÿ∑ŸÑÿ®ÿßÿ™ ÿßŸÑÿ™Ÿä Ÿäÿ¨ÿ® ÿ£ŸÜ ÿ£ŸÉŸàŸÜ ŸÖŸÑŸÖ ÿ®Ÿáÿßÿü\nŸÖÿß ÿßŸÑÿ™ÿÆÿµ‚Ä¶","mejo7722"
"negative","RT @emdeedeedd: Climate change: 2020 in a dead heat for world's warmest year\n\n\"New data from EU satellites shows that 2020 is in a statisti‚Ä¶","epuujee"
"negative","Climate change: 2020 in a dead heat for world's warmest year\n\n\"New data from EU satellites shows that 2020 is in a‚Ä¶ https://t.co/XCqzatkIhn","emdeedeedd"
"neutral","RT @CatiaNicodemo: üö® Our paper  \"Will policy to constrain GP referrals damage health? Evidence using practice level NHS emergency admission‚Ä¶","epuujee"
"positive","RT @vrilock: Do policy-makers actually take the time to differentiate between dubious science articles (picked up by the media too quickly)‚Ä¶","epuujee"
"positive","RT @GOLDLab_Bern: Looking for a full funded (and trained) PhD scholarship in Bionformatics and Genomics Data Science? There's still time to‚Ä¶","Gabrijela_D"
"neutral","üö® Our paper  \"Will policy to constrain GP referrals damage health? Evidence using practice level NHS emergency admi‚Ä¶ https://t.co/OsPKYNTCFx","CatiaNicodemo"
"neutral","Do policy-makers actually take the time to differentiate between dubious science articles (picked up by the media t‚Ä¶ https://t.co/2N21ZPsfJ5","vrilock"
"negative","RT @WritingReliable: Hire us to do your;\nStatistics\nMaths\nAssignments due\nEngineering\nDissertation\nBook review\nEngineering\nEssays due\nTheor‚Ä¶","epuujee"
"positive","RT @pj_ballantyne: In true Gen Z spirit, I did a podcast üòÖCatch me talking to @asenseofplace1 and @abioconnor_  about my PhD and all things‚Ä¶","epuujee"
"negative","RT @WritingReliable: Hire us to do your;\nStatistics\nMaths\nAssignments due\nEngineering\nDissertation\nBook review\nEngineering\nEssays due\nTheor‚Ä¶","TopWriters15"
"positive","RT @pj_ballantyne: In true Gen Z spirit, I did a podcast üòÖCatch me talking to @asenseofplace1 and @abioconnor_  about my PhD and all things‚Ä¶","Fcorowe"
"neutral","RT @Jer1dah: Don't sleep on Udemy. There are financial modeling and data science courses for R200.\n\nIf you want to study a course on Udemy‚Ä¶","_Ignatia_"
"positive","RT @Nod2O: #COVID19 #SchulenUndKitasZu #Science \n\n‚ÄûWe found a large effect for closing schools and universities in conjunction, which was r‚Ä¶","derafeynman"
"neutral","RT @Jer1dah: Don't sleep on Udemy. There are financial modeling and data science courses for R200.\n\nIf you want to study a course on Udemy‚Ä¶","GiftOfShange"
"neutral","@ayinde_bolu @danielesuga We are o\n\nGraduate trainee in data science or analytics \n\nSurvey technician or land surveyor","Enigma__001"
"positive","RT @bukmedianet: Data Science 2020 : Complete Data Science &amp; Machine Learning #udemycoupon -&gt; https://t.co/JgPN5KEdtl\n\n#DataScience #Artifi‚Ä¶","powerbi_pros"
"neutral","@shujaat_bukhari @ameerhamza11022 https://t.co/FCMbUTXPj9","shobz"
"negative","RT @BBCWorld: Satellite data shows 2016 and 2020 in a dead heat for world's warmest year https://t.co/n7mQ3KA70J","CeciliaQuick"
"neutral","@radley_ms @stellaomalley3 There's well established pyschological study on personality differences between men &amp; wo‚Ä¶ https://t.co/eLH5AGFXKy","ghhart"
"neutral","RT @Jer1dah: Don't sleep on Udemy. There are financial modeling and data science courses for R200.\n\nIf you want to study a course on Udemy‚Ä¶","residentgirlie"
"neutral","RT @KimPgch: How data science is driving innovations in medical biotechnology #Innovation #biotech #biotechnology via https://t.co/7WzLoIJP‚Ä¶","epuujee"
"negative","RT @BBCWorld: Satellite data shows 2016 and 2020 in a dead heat for world's warmest year https://t.co/n7mQ3KA70J","BBCYoungReport"
"neutral","RT @Jer1dah: Don't sleep on Udemy. There are financial modeling and data science courses for R200.\n\nIf you want to study a course on Udemy‚Ä¶","Ingah_EC"
"neutral","How data science is driving innovations in medical biotechnology #Innovation #biotech #biotechnology via‚Ä¶ https://t.co/ML47oJavYi","KimPgch"
"neutral","RT @EPJscience: ‚ÄúEPJ Data Science appoints Dr. Ingmar Weber as co-Editor-in-Chief‚Äù https://t.co/Euak0RmJyf @EuroPhysSoc @EDPSciences @SIF_i‚Ä¶","ciro"
"positive","RT @GOLDLab_Bern: Looking for a full funded (and trained) PhD scholarship in Bionformatics and Genomics Data Science? There's still time to‚Ä¶","NCCR_RNADisease"
"neutral","@ameerhamza11022 @shobz Go on udemy and search Zero to Mastery: Data Science, they will start from pandas and end to deep learning.","shujaat_bukhari"
"neutral","RT @Jer1dah: Don't sleep on Udemy. There are financial modeling and data science courses for R200.\n\nIf you want to study a course on Udemy‚Ä¶","vuyi_chaza"
"positive","RT @GOLDLab_Bern: Looking for a full funded (and trained) PhD scholarship in Bionformatics and Genomics Data Science? There's still time to‚Ä¶","epuujee"
"neutral","@popcor_n_rocpop @gurcanulusoy Haklƒ±snƒ±z, ma√ßlarƒ±n skor halleri takƒ±mlarƒ±n topla oynama profillerini deƒüi≈ütirebiliy‚Ä¶ https://t.co/AWXcqLL4od","barisgrckr"
"positive","RT @bukmedianet: Data Science 2020 : Complete Data Science &amp; Machine Learning #udemycoupon -&gt; https://t.co/JgPN5KEdtl\n\n#DataScience #Artifi‚Ä¶","datasciencebot_"
"positive","Looking for a full funded (and trained) PhD scholarship in Bionformatics and Genomics Data Science? There's still t‚Ä¶ https://t.co/ttm8Ac6Fso","GOLDLab_Bern"
"positive","RT @DataScientistsF: Coursera ‚ÄúIBM Data Science Professional Certificate‚Äù Review - https://t.co/IJeCzfXgxK - thanks @RichardEudes #DataScie‚Ä¶","epuujee"
"positive","RT @DataScientistsF: Coursera ‚ÄúIBM Data Science Professional Certificate‚Äù Review - https://t.co/IJeCzfXgxK - thanks @RichardEudes #DataScie‚Ä¶","chidambara09"
"neutral","RT @LaForge_AI: How data science is driving innovations in medical biotechnology\n\n#MachineLearning #AI #Biotech #innovation\nhttps://t.co/EI‚Ä¶","hubofml"
"neutral","RT @TheRiverSevern: Anyone want to join @WUFoundation? looking for someone who knows a bit about fisheries, can collect and analyse data an‚Ä¶","epuujee"
"neutral","RT @Jer1dah: Don't sleep on Udemy. There are financial modeling and data science courses for R200.\n\nIf you want to study a course on Udemy‚Ä¶","DiatonicM"
"neutral","RT @LaForge_AI: How data science is driving innovations in medical biotechnology\n\n#MachineLearning #AI #Biotech #innovation\nhttps://t.co/EI‚Ä¶","andrewmorrisuk"